OBJECTID,PUD_NAME,PUD_WEB_URL,PUD_CHANGE_NARRATIVE,PUD_ZONING,PUD_STATUS,PUD_CASE_NUMBER,SHAPEAREA,SHAPELEN,GLOBALID,WARD
66397,3rd & M and Park Inn Associates LP,https://app.dcoz.dc.gov/Content/Search/ViewCaseReport.aspx?case_id=12-14,"Official Digital Zoning Map of July 1, 2010, Approved 3/14/14",R-5-D,Final,12-14,0,0,{AE4EDD96-E7A3-4FA2-8B59-8CECC310BC0C},Ward 6
66398,Lowell School,https://app.dcoz.dc.gov/Content/Search/ViewCaseReport.aspx?case_id=97-16D,"Official Digital Zoning Map of July 1, 2010, DC Register 5/26/2017",R-1-A,Final,97-16D,0,0,{CA24B6B4-FCBB-4490-96A1-5C1C1A1E9DA3},Ward 4
66399,Prospect Joint Venture,https://app.dcoz.dc.gov/Content/Search/ViewCaseReport.aspx?case_id=85-8,"Official Digital Zoning Map of July 1, 2010",R-5-A,Final,85-8,0,0,{6034592D-3C89-4463-9C69-250C709C792A},Ward 3
66400,Unified Communications Center,https://app.dcoz.dc.gov/Content/Search/ViewCaseReport.aspx?case_id=01-36,"Official Digital Zoning Map of July 1, 2010",C-2-B,Final,01-36,0,0,{EE1F043B-4FF7-45C9-AA10-E8FBEADAFFF4},Ward 8
66401,Matthews Memorial,https://app.dcoz.dc.gov/Content/Search/ViewCaseReport.aspx?case_id=08-25,"Official Digital Zoning Map of July 1, 2010",C-2-A,Final,08-25,0,0,{5B098443-F4D8-4ED2-A6F6-D48E37510A12},Ward 8
66402,Sheridan Redevelopment LLC & DCHA,https://app.dcoz.dc.gov/Content/Search/ViewCaseReport.aspx?case_id=07-35C,Modification 9/10/12,"R-5-B, C-2-A",Final,07-35C,0,0,{14CDAD38-A011-4BDD-A624-097897247C07},Ward 8
66403,Alpine Associates,https://app.dcoz.dc.gov/Content/Search/ViewCaseReport.aspx?case_id=88-9,"Official Digital Zoning Map of July 1, 2010",HR/C-3-C,Final,88-9,0,0,{C86B9D27-9C9D-41E1-8D0B-8E930EEAC6C9},Ward 2
66404,Parcel Seven Associates LLC ,https://app.dcoz.dc.gov/Content/Search/ViewCaseReport.aspx?case_id=10-03B,ZC Case  10-03B,None,Final,10-03B,0,0,{08A1DA66-3A4B-44A2-B60F-65F18E3E983E},Ward 6
66405,Stanton-Eastbanc LLC,https://app.dcoz.dc.gov/Content/Search/ViewCaseReport.aspx?case_id=11-24,Case # 11-24,C-2-B,Final,11-24,0,0,{2BA1ABBD-AA09-4619-A2CA-8673BE009582},Ward 6
66406,Salvation Army,https://app.dcoz.dc.gov/Content/Search/ViewCaseReport.aspx?case_id=92-16,"Official Digital Zoning Map of July 1, 2010",C-3-A,Final,92-16,0,0,{9084D14B-4A13-4392-A419-D2D9BB6CED70},Ward 5
66407,Jemals Babes,https://app.dcoz.dc.gov/Content/Search/ViewCaseReport.aspx?case_id=10-23,Case # 10-23,C-3-A,Final,10-23,0,0,{D84BCF17-4BD1-4566-90A6-6CA1700FA7BD},Ward 3
66408,Mid-City Financial Corporation & Brentwood Associates LP & MCF Brentwood SC LLC,https://app.dcoz.dc.gov/Content/Search/ViewCaseReport.aspx?case_id=14-18A, PUD Modification 11/14/16 ,C-2-A/R-5-B,Final,14-18A,0,0,{E58F3D22-FCF1-4770-8544-C56786D7BC02},Ward 5
66409,M St Dev Group LLC & Square 772 Dev Group LLC,https://app.dcoz.dc.gov/Content/Search/ViewCaseReport.aspx?case_id=14-19A,"DC Register 11/20/15, Time Extension 11/19/18",C-3-C,Final,14-19A,0,0,{7E04FA7C-42B9-4319-9CF3-275313E4FB59},Ward 6
66410,Aria Development Group,https://app.dcoz.dc.gov/Content/Search/ViewCaseReport.aspx?case_id=15-03,DC Register 5/13/16,R-5-C,Final,15-03,0,0,{F164C5F9-EC8D-4ACE-862F-C1D9A02FC798},Ward 1
66411,Stanton Square LLC,https://app.dcoz.dc.gov/Content/Search/ViewCaseReport.aspx?case_id=13-09B,"Setdown 7/27/15, Approved 4/11/16, DC Register 2/2/18","R-5-A, SP-1",Final,13-09B,0,0,{1F19190E-5D54-4EB1-845E-8FB27A5EE48E},Ward 8
66412,P.N. Hoffman Inc & Riverside Baptist Church,https://app.dcoz.dc.gov/Content/Search/ViewCaseReport.aspx?case_id=15-05,DC Register 3/18/16,C-3-A,Final,15-05,0,0,{DFC1DBA7-33BC-4853-AC7D-B248D6FCA57B},Ward 6
66417,Watkins Alley LLC,https://app.dcoz.dc.gov/Content/Search/ViewCaseReport.aspx?case_id=15-13,"Setdown case 11/9/15, Approved DC Register 10/21",R-5-B,Final,15-13,0,0,{C5502EEC-8F19-4A1D-AC9B-7B9D139819CF},Ward 6
66418,JBG/Boundary 1500 Hary Thomas LLC & JBG/Boundary Eckington Place LLC,https://app.dcoz.dc.gov/Content/Search/ViewCaseReport.aspx?case_id=15-15A,"Setdown 11/23/15, DC Register 1/23/17, 1/18/19",CR,Final,15-15A,0,0,{1CDBFD60-D4F0-4716-8647-04E146CFFD61},Ward 5
66419,301 FL Manager LLC,https://app.dcoz.dc.gov/Content/Search/ViewCaseReport.aspx?case_id=15-22,Setdown 11/23/15,C-3-C,Final,15-22,0,0,{2BE13AF2-FB4B-42D2-B863-D0537F8904BC},Ward 6
66413,J River 1401 Pennsylvania Ave LLC,https://app.dcoz.dc.gov/Content/Search/ViewCaseReport.aspx?case_id=15-12,DC Register 4/28/16,C-2-B,Final,15-12,0,0,{69714400-0E27-46A4-BC2A-70062E70CADC},Ward 6
66414,District of Columbia Water and Sewer Authority,https://app.dcoz.dc.gov/Content/Search/ViewCaseReport.aspx?case_id=15-14,Setdown 7/27/15,CG/CR,Final,15-14,0,0,{EDC45DEF-A0A7-484A-A652-202A7BC2FB17},Ward 6
66415,Level 2 Development,https://app.dcoz.dc.gov/Content/Search/ViewCaseReport.aspx?case_id=15-01A,"Approved DC Register 8/21/15, 4/14/2017",C-3-C,Final,15-01A,0,0,{2C93C5C4-570D-430B-8202-AB3CB2384005},Ward 5
66416,"TBSC Owner I, LLC",https://app.dcoz.dc.gov/Content/Search/ViewCaseReport.aspx?case_id=15-20B,"DC Register 6/17/16, Time Extension 6/30/17, Modification 9/14/2018",C-3-C,Final,15-20B,0,0,{5B2AE6FE-0755-422A-B344-5059FFF5C833},Ward 6
66420,Kenilworth Revitalization LLC & DCHA,https://app.dcoz.dc.gov/Content/Search/ViewCaseReport.aspx?case_id=15-21,"Setdown 12/15/15, DC Register 1/23/17","R-5-B, C-2-A",Final,15-21,0,0,{14693F60-BCC6-4228-9FEC-E1DDE9CD96C7},Ward 7
66421,411 New York Ave Holdings LLC,https://app.dcoz.dc.gov/Content/Search/ViewCaseReport.aspx?case_id=15-19,"Setdown 11/23/15, DC Register 12/23/16",C-3-C,Final,15-19,0,0,{5768D771-943D-49B5-98D7-8643736519F4},Ward 5
66422,Gallaudet University & The JBG Companies,https://app.dcoz.dc.gov/Content/Search/ViewCaseReport.aspx?case_id=15-24,Setdown 2/8/16,"C-3-A, C-3-C",Final,15-24,0,0,{29B87611-8B0B-489A-9354-E5393223DD57},Ward 5
66337,Gateway Market Center Inc.,https://app.dcoz.dc.gov/Content/Search/ViewCaseReport.aspx?case_id=06-40C,PUD Modification 1/27/14,C-3-C,Final,06-40C,0,0,{01047DCF-5CA3-4745-A281-9E1B691FA91B},Ward 5
66338,St. Coletta of Greater Washington Inc.,https://app.dcoz.dc.gov/Content/Search/ViewCaseReport.aspx?case_id=03-21,"Official Digital Zoning Map of July 1, 2010",SP-1,Final,03-21,0,0,{ACFC5485-7E3D-4B19-98B5-8BBFBEC4A215},Ward 7
66339,Jemals Cayre Woodies LLC,https://app.dcoz.dc.gov/Content/Search/ViewCaseReport.aspx?case_id=02-23,"Official Digital Zoning Map of July 1, 2010",None,Final,02-23,0,0,{72A14D35-4AF3-4F58-A9D9-9E1EB757AEC9},Ward 2
66340,1000 K Street NW,https://app.dcoz.dc.gov/Content/Search/ViewCaseReport.aspx?case_id=03-08,"Official Digital Zoning Map of July 1, 2010",HR/C-3-C,Final,03-08,0,0,{AD471292-C657-4305-8DB3-0E5BBF6469EA},Ward 2
66341,3211 4th Street NE,https://app.dcoz.dc.gov/Content/Search/ViewCaseReport.aspx?case_id=98-18,"Official Digital Zoning Map of July 1, 2010",SP-1,Final,98-18,0,0,{19F67324-C657-49E9-BF7F-6804FC50D73F},Ward 5
66342,G.K.D. 1412 Chapin Street LLC,https://app.dcoz.dc.gov/Content/Search/ViewCaseReport.aspx?case_id=09-15,"Official Digital Zoning Map of August 20, 2010",C-2-B,Final,09-15,0,0,{6FC923F2-C41D-4907-A9BC-3AD368A736BF},Ward 1
66343,The Athena Group LLC,https://app.dcoz.dc.gov/Content/Search/ViewCaseReport.aspx?case_id=08-21,"Official Digital Zoning Map of July 1, 2010",R-5-A,Final,08-21,0,0,{0541EA2B-3C36-43C7-83BE-E0D8029D886C},Ward 3
66344,1957 E Street N.W.,https://app.dcoz.dc.gov/Content/Search/ViewCaseReport.aspx?case_id=01-17,"Official Digital Zoning Map of July 1, 2010",C-3-C,Final,01-17,0,0,{CC9B82DA-199A-4BED-89FC-85989369F7A4},Ward 2
66335,Lowe Enterprises,https://app.dcoz.dc.gov/Content/Search/ViewCaseReport.aspx?case_id=07-13G,DC Register 7/6/18,C-3-C,Final,07-13G,0,0,{0B5212E8-E699-4E8C-A2FC-672F3FD294B2},Ward 6
66336,DCO Realty Inc,https://app.dcoz.dc.gov/Content/Search/ViewCaseReport.aspx?case_id=06-24B,"Official Digital Zoning Map of July 1, 2010",C-2-B,Final,06-24B,0,0,{50692CC4-BD48-4DAF-BD9A-5EC741918AD3},Ward 1
66347,26th & L Limited Partnership,https://app.dcoz.dc.gov/Content/Search/ViewCaseReport.aspx?case_id=86-32,"Official Digital Zoning Map of July 1, 2010",C-2-C,Final,86-32,0,0,{7E01D219-C87A-4D55-B8BE-9C843D3A40EA},Ward 2
66348,15th & M Sts. NW,https://app.dcoz.dc.gov/Content/Search/ViewCaseReport.aspx?case_id=88-13,"Official Digital Zoning Map of July 1, 2010",C-4,Final,88-13,0,0,{00B59D9B-CF4B-4E57-B414-2742ABEBFC7F},Ward 2
66349,12th & I & K Sts. N.W.,https://app.dcoz.dc.gov/Content/Search/ViewCaseReport.aspx?case_id=91-12,"Official Digital Zoning Map of July 1, 2010",None,Final,91-12,0,0,{8122C82F-6FDE-4ED4-A1C4-83BD117FBC79},Ward 2
66350,The Kennedy-Warren,https://app.dcoz.dc.gov/Content/Search/ViewCaseReport.aspx?case_id=96-7,"Official Digital Zoning Map of July 1, 2010",R-5-E,Final,96-7,0,0,{69AA9C4D-8036-4F73-8344-154A1B4097E3},Ward 3
66351,Florida Rock Properties Inc.,https://app.dcoz.dc.gov/Content/Search/ViewCaseReport.aspx?case_id=04-14E,Second Stage PUD 09/26/16,C-3-C,Final,04-14E,0,0,{0B477557-EEDC-4674-B9F0-60DB78D13E6B},Ward 6
66345,4717-4727 Wisconsin Avenue N.W.,https://app.dcoz.dc.gov/Content/Search/ViewCaseReport.aspx?case_id=98-21,"Official Digital Zoning Map of July 1, 2010",C-2-B,Final,98-21,0,0,{25639097-A00D-4925-9CCC-5341785A91EC},Ward 3
66346,901 New York Avenue N.W.,https://app.dcoz.dc.gov/Content/Search/ViewCaseReport.aspx?case_id=01-01B,"Official Digital Zoning Map of July 1, 2010",C-4,Final,01-01B,0,0,{C089B7F2-FFCA-45D1-B1C3-2326D30EC6A7},Ward 2
66352,Brookland Artspace Lofts LLC,https://app.dcoz.dc.gov/Content/Search/ViewCaseReport.aspx?case_id=09-08A,"Official Digital Zoning Map of July 1, 2010",C-2-B,Final,09-08A,0,0,{B4ABA93D-3918-4812-8E3D-9EAD021B3FF8},Ward 5
66354,4805 Van Ness Street N.W. - Dixon,https://app.dcoz.dc.gov/Content/Search/ViewCaseReport.aspx?case_id=94-16,"Official Digital Zoning Map of July 1, 2010",R-4,Final,94-16,0,0,{5E6933A5-E532-499C-9A55-0D393BE11BE5},Ward 3
66355,1331 L Street N.W.,https://app.dcoz.dc.gov/Content/Search/ViewCaseReport.aspx?case_id=94-1,"Official Digital Zoning Map of July 1, 2010",C-4,Final,94-1,0,0,{9851CAFB-4DC8-4193-95F7-B2487A5489C2},Ward 2
66356,1301 L Street N.W.,https://app.dcoz.dc.gov/Content/Search/ViewCaseReport.aspx?case_id=96-6,"Official Digital Zoning Map of July 1, 2010",C-4,Final,96-6,0,0,{45F7D083-C3AA-4806-A8F9-987C7F1B451D},Ward 2
66357,3910 Georgia Ave. Associates et al.,https://app.dcoz.dc.gov/Content/Search/ViewCaseReport.aspx?case_id=08-08A,Minor Modification 2/28/2011,C-3-A,Final,08-08A,0,0,{98D3AA70-1D57-459F-AE3F-FCE9AF8633BB},Ward 4
66358,14th & V Streets N.W.,https://app.dcoz.dc.gov/Content/Search/ViewCaseReport.aspx?case_id=03-26,"Official Digital Zoning Map of July 1, 2010",None,Final,03-26,0,0,{FD585FE0-69F8-4328-B7A2-BDA2609B8D41},Ward 1
66353,Adams Morgan Church Hotel LLC,https://app.dcoz.dc.gov/Content/Search/ViewCaseReport.aspx?case_id=11-17,Case # 11-17,C-2-B,Final,11-17,0,0,{FC274BAC-FBF2-489A-8452-001374EB5511},Ward 1
66359,St. Lukes Condominiums LLC,https://app.dcoz.dc.gov/Content/Search/ViewCaseReport.aspx?case_id=02-50A,"Official Digital Zoning Map of July 1, 2010",NO/R-1-B,Final,02-50A,0,0,{BD1DFD10-8C2F-4A5C-9F5F-0D937E475A84},Ward 3
66360,5333 Wisconsin Avenue NW,https://app.dcoz.dc.gov/Content/Search/ViewCaseReport.aspx?case_id=96-13,"Official Digital Zoning Map of July 1, 2010","R-5-C, C-3-B",Final,96-13,0,0,{904ED14B-E452-4BA0-9D2F-53F5FE751651},Ward 3
66361,Hillandale Homeowners Association,https://app.dcoz.dc.gov/Content/Search/ViewCaseReport.aspx?case_id=85-10B,"Official Digital Zoning Map of July 1, 2010",R-1-B,Final,85-10B,0,0,{2B7CFF26-5B9C-4E16-AFBE-A995F604BDB3},Ward 3
66362,World Wildlife Fund Inc.,https://app.dcoz.dc.gov/Content/Search/ViewCaseReport.aspx?case_id=84-19A,"Official Digital Zoning Map of July 1, 2010",None,Final,84-19A,0,0,{8B80DF68-327C-4B90-AAD5-E0CA0621BC93},Ward 2
66363,Chesapeake Apartments,https://app.dcoz.dc.gov/Content/Search/ViewCaseReport.aspx?case_id=86-33,"Official Digital Zoning Map of July 1, 2010",None,Final,86-33,0,0,{EF3FDB8A-80DB-4BE0-8C7F-7A0018517BCE},Ward 3
66364,Judiciary Center LP,https://app.dcoz.dc.gov/Content/Search/ViewCaseReport.aspx?case_id=81-21,"Official Digital Zoning Map of July 1, 2010",C-3-C,Final,81-21,0,0,{58CB7D4F-EF8A-44C2-9E5C-01977A2856D9},Ward 2
66365,Broadcast Center Partners LLC,https://app.dcoz.dc.gov/Content/Search/ViewCaseReport.aspx?case_id=07-07C,"Official Digital Zoning Map of July 1, 2010",ARTS/C-2-C,Final,07-07C,0,0,{DB7DC5E2-DA33-4B48-9139-306DBACB3D2C},Ward 1
66366,Fort Lincoln/Gateway Village LLC,https://app.dcoz.dc.gov/Content/Search/ViewCaseReport.aspx?case_id=06-08D,"Official Digital Zoning Map of July 1, 2010",None,Final,06-08D,0,0,{E145F637-7264-4FC8-9A5F-E8C7EFF90A8B},Ward 5
66367,3321 Georgia LLC,https://app.dcoz.dc.gov/Content/Search/ViewCaseReport.aspx?case_id=10-26A,Order 10-26 Approved 04/11/2011,GA/C-2-B,Final,10-26A,0,0,{C1607E3C-B4F2-4C9C-A4EF-A46FC8DBE419},Ward 1
66368,Hazle II LLC,https://app.dcoz.dc.gov/Content/Search/ViewCaseReport.aspx?case_id=10-29,Case # 10-29,R-5-B,Withdrawn,10-29,0,0,{519DA085-8C63-4E2C-9FFF-49E2B8FC281B},Ward 8
66369,Duball Petworth LLC,https://app.dcoz.dc.gov/Content/Search/ViewCaseReport.aspx?case_id=11-09,Final Order entered 2/2/2012,GA/C-3-A,Final,11-09,0,0,{431B757E-F38D-4F4C-AAAE-EA7E647E1469},Ward 4
66370,MCREF Embassy LLC,https://app.dcoz.dc.gov/Content/Search/ViewCaseReport.aspx?case_id=11-08C,"Case # 11-08, order final 3/9/2012, PUD Extention October 17,2014, DC Register 8/3/18",R-5-D,Final,11-08C,0,0,{17781F56-39F7-422C-93C1-492BFD017F5A},Ward 1
66371,B&B 50 Florida Avenue LLC,https://app.dcoz.dc.gov/Content/Search/ViewCaseReport.aspx?case_id=12-02A,Case # 12-02,C-3-B,Final,12-02A,0,0,{45CB4CB6-FF20-49B8-A8C2-E893D0E1DD2A},Ward 5
66372,EastBanc-W.D.C. Partners LLC,https://app.dcoz.dc.gov/Content/Search/ViewCaseReport.aspx?case_id=11-12,Case # 11-12,CR,Final,11-12,0,0,{F0029AF7-5850-461E-AE22-60F72A5FD397},Ward 2
66373,National Academy of Sciences - Wisconsin Ave,https://app.dcoz.dc.gov/Content/Search/ViewCaseReport.aspx?case_id=86-4,"Official Digital Zoning Map of July 1, 2010",C-2-A,Final,86-4,0,0,{A782BB53-F6C7-4490-BAAC-A0210A091359},Ward 2
66374,TC/CSG St. Matthews LLC,https://app.dcoz.dc.gov/Content/Search/ViewCaseReport.aspx?case_id=11-13A,"Case # 11-13, Approved July 6th 2012",CR,Final,11-13A,0,0,{6AC7FC21-E48C-446F-8164-9DFC68A9DBA1},Ward 6
66375,Morris & Gwendolyn Cafritz Foundation,https://app.dcoz.dc.gov/Content/Search/ViewCaseReport.aspx?case_id=06-10C,Minor PUD Modification 9/5/14,"C-2-B, FT/C-2-B",Final,06-10C,0,0,{CFAF3CD7-E433-41FC-B2A6-F25BA30D6B31},Ward 5
66376,"Karajoel, LLC",https://app.dcoz.dc.gov/Content/Search/ViewCaseReport.aspx?case_id=05-30C,"Official Digital Zoning Map of July 1, 2010",R-5-A,Final,05-30C,0,0,{D87F04F4-E03B-47BA-8A48-1D3D00A5FC15},Ward 4
66377,St. Elizabeths Hospital,https://app.dcoz.dc.gov/Content/Search/ViewCaseReport.aspx?case_id=04-08B,Case No. 04-08,SP-1,Final,04-08B,0,0,{37992335-FC97-4B2A-810B-A6133CD30F23},Ward 8
66378,USL WDC H Street LLC & H Street Self Storage LLC,https://app.dcoz.dc.gov/Content/Search/ViewCaseReport.aspx?case_id=12-18B,"Official Digital Zoning Map of July 1, 2010","R-5-B, HS-H/C-2-B",Final,12-18B,0,0,{A2ECA75E-C337-4096-95EB-A3E65F71CBDD},Ward 6
66379,Jemals Up Against the Wall,https://app.dcoz.dc.gov/Content/Search/ViewCaseReport.aspx?case_id=07-18F,"Official Digital Zoning Map of July 1, 2010. Z.C. Order 07-18 approved and finalized on 8/23/13.  ",None,Final,07-18F,0,0,{2730DE96-EE44-4CDB-B056-076E81FCBE05},Ward 2
66380,Four Points LLC,https://app.dcoz.dc.gov/Content/Search/ViewCaseReport.aspx?case_id=08-07,"Case no. 08-07, Order no. 08-07 Approved 9/9/13",C-3-A,Final,08-07,0,0,{C6C32921-B480-46E9-8701-C3A74774D5F1},Ward 8
66381,GWU - Site 77A,https://app.dcoz.dc.gov/Content/Search/ViewCaseReport.aspx?case_id=06-11J/06-12J,"Case 06-11J/06-12J, Approved July 25 2013",C-3-C,Final,06-11J/06-12J,0,0,{2072DB17-6729-4B5A-8855-AC28485DF385},Ward 2
66382,Capitol Gateway Marketplace,https://app.dcoz.dc.gov/Content/Search/ViewCaseReport.aspx?case_id=12-16,"Case # 12-16, Approved 9/30/13",C-2-A,Final,12-16,0,0,{C2352BAC-547A-4853-A81E-B301D246EFF2},Ward 7
66383,K Street Developers LLC,https://app.dcoz.dc.gov/Content/Search/ViewCaseReport.aspx?case_id=05-36G,Case # 05-36G 11/18/13,C-3-C,Final,05-36G,0,0,{53A76001-46DD-4B2F-A6F0-3BCDE8479445},Ward 6
66384,"Skyland Holdings, LLC",https://app.dcoz.dc.gov/Content/Search/ViewCaseReport.aspx?case_id=09-03E,"Zoning Case No. 09-03B Approved 12/9/13, Time Extension DC Register 12/16/16, Modification of Consequence 6/30/17",C-3-A,Final,09-03E,0,0,{7901A40C-5770-4A74-AEF5-2A9A19883992},Ward 7
66385,Forest City Washington,https://app.dcoz.dc.gov/Content/Search/ViewCaseReport.aspx?case_id=13-05C,Case No. 13-05,"CG/CR, CG/W-1",Final,13-05C,0,0,{86EB2F87-1663-493C-8633-8442DC17F1E5},Ward 6
66386,O Street Roadside LLC,https://app.dcoz.dc.gov/Content/Search/ViewCaseReport.aspx?case_id=07-26F,"Official Digital Zoning Map of July 1, 2010. ZC Case # 07-26E, 8/30/2013.",C-3-C,Final,07-26F,0,0,{930D6982-F2D7-45BC-A5F0-F908CF5C79A8},Ward 6
66387,1437-1451 Belmont Street N.W.,https://app.dcoz.dc.gov/Content/Search/ViewCaseReport.aspx?case_id=03-04,"Official Digital Zoning Map of July 1, 2010",None,Final,03-04,0,0,{039C656A-6DD5-4E43-A07B-08CAADD0F7F3},Ward 1
66388,Anacostia Gateway Government Center,https://app.dcoz.dc.gov/Content/Search/ViewCaseReport.aspx?case_id=05-03A,"Official Digital Zoning Map of July 1, 2010",C-3-A,Final,05-03A,0,0,{AC03335C-FFC6-4B5F-88CF-495168E946E5},Ward 8
66389,"Cathedral Commons Partners, LLC",https://app.dcoz.dc.gov/Content/Search/ViewCaseReport.aspx?case_id=08-15A,Modification 9/26/16,C-2-A,Final,08-15A,0,0,{8B04540A-8A9E-4725-A06C-52D0949E8FCF},Ward 3
66390,Station Place,https://app.dcoz.dc.gov/Content/Search/ViewCaseReport.aspx?case_id=03-31,"Official Digital Zoning Map of July 1, 2010",C-3-C,Final,03-31,0,0,{CDFDB4CB-7D54-4CFF-9017-CE8D0F918E8E},Ward 6
66392,"WASHREIT Watergate 600 OP, LP",https://app.dcoz.dc.gov/Content/Search/ViewCaseReport.aspx?case_id=62-19B,"Official Digital Zoning Map of July 1, 2010",SP-2,Final,62-19B,0,0,{0EDCE0C9-AF56-4A8D-9677-E7FC39260D40},Ward 2
66393,4L Associates Joint Venture,https://app.dcoz.dc.gov/Content/Search/ViewCaseReport.aspx?case_id=80-17,"Official Digital Zoning Map of July 1, 2010",R-5-A,Final,80-17,0,0,{BF7F774F-1D0D-41EB-9E94-67991DE57D64},Ward 5
66394,Bozutto Group,https://app.dcoz.dc.gov/Content/Search/ViewCaseReport.aspx?case_id=08-24C/04-25,PUD Modification July 2018,"C-2-B, R-5-B",Final,08-24C/04-25,0,0,{6B7C01AB-5261-4B76-9CE8-A276DF3D9C29},Ward 5
66395,National Academy of Sciences - Fifth Street,https://app.dcoz.dc.gov/Content/Search/ViewCaseReport.aspx?case_id=01-34,"Official Digital Zoning Map of July 1, 2010",C-3-C,Final,01-34,0,0,{3E31185A-8F0A-4FF5-8EC6-0C084658C7B1},Ward 2
66396,Baywood Hotels,https://app.dcoz.dc.gov/Content/Search/ViewCaseReport.aspx?case_id=11-25,Case # 11-25,C-3-C,Final,11-25,0,0,{66634B63-07E4-4676-857A-EA2610BDE2D4},Ward 5
66391,The Nannie Helen at 4800,https://app.dcoz.dc.gov/Content/Search/ViewCaseReport.aspx?case_id=10-11,"PUD Approved Sept. 23, 2010",C-2-A,Final,10-11,0,0,{6DC1439F-8529-4BDF-99BC-867F88A95506},Ward 7
66497,Parkside Residential LLC,https://app.dcoz.dc.gov/Content/Search/ViewCaseReport.aspx?case_id=05-28A,Second Stage PUD,"C-3-A, CR",Final,05-28A,0,0,{0F6D925F-1521-46A0-A263-62981C98B22B},Ward 7
66498,Parkside Residential LLC,https://app.dcoz.dc.gov/Content/Search/ViewCaseReport.aspx?case_id=05-28P,PUD Modification,"C-3-A, CR",Final,05-28N,0,0,{A9E9F8DB-6308-4426-99D9-E0A039327286},Ward 7
66499,"Lano Parcel 12, LLC & Parkside Residential, LLC",https://app.dcoz.dc.gov/Content/Search/ViewCaseReport.aspx?case_id=05-280,Time Extension,"C-3-A, CR",Final,05-28O,0,0,{E4E82520-D1DA-4598-BB5C-C17B740D701C},Ward 7
66500,DC Primary Care Association,https://app.dcoz.dc.gov/Content/Search/ViewCaseReport.aspx?case_id=05-28I,PUD Modification,"C-3-A, CR",Final,05-28I,0,0,{FDDA14DF-92B8-4FA7-B1B1-FDD90085CF9D},Ward 7
66501,SCCI Parkside One LLC,https://app.dcoz.dc.gov/Content/Search/ViewCaseReport.aspx?case_id=05-28T,Second Stage PUD,"C-3-A, CR",Final,05-28T,0,0,{A9F9BA25-D920-4C98-B0CA-D750A8C7F69F},Ward 7
66502,3840 S Capitol LLC and 3848 S Capitol LLC,https://app.dcoz.dc.gov/Content/Search/ViewCaseReport.aspx?case_id=18-14,Setdown 10/22/18,RA-2,Pending,18-14,0,0,{A5E7924B-40F4-4A23-A6D4-6CBA5D38FBB4},Ward 8
66503,Hanover R.S. Limited Partnership,https://app.dcoz.dc.gov/Content/Search/ViewCaseReport.aspx?case_id=18-21,Setdown 12/17/18,MU-4,Pending,18-21,0,0,{9E360B6F-629A-4D89-A209-0693D171A098},Ward 5
66504,"Wesley Hawaii, LLC",https://app.dcoz.dc.gov/Content/Search/ViewCaseReport.aspx?case_id=19-01,Setdown 3/25/19,RA-2,Pending,19-01,0,0,{45C75C24-BDDC-4721-84D3-E18E29A218DA},Ward 5
66506,Valor Development LLC,https://app.dcoz.dc.gov/Content/Search/ViewCaseReport.aspx?case_id=19-10,"Setdown June 10, 2019",None,Pending,19-10,0,0,{5FBFA44B-8CA9-4722-94A3-3AD0A29AB05E},Ward 3
66507,Hillandale Mansion,https://app.dcoz.dc.gov/Content/Search/ViewCaseReport.aspx?case_id=89-10,ZC Case #89-10,R-4,Final,89-10,0,0,{92E1EC2F-B1DF-453F-8270-B84BC932A1D0},Ward 2
66508,Mid-City Financial Corporation,https://app.dcoz.dc.gov/Content/Search/ViewCaseReport.aspx?case_id=14-18A,DC Register 4/13/18,RA-1,Final,14-18A,0,0,{33EECF2E-F5C4-4344-A0B6-ED151A724FBC},Ward 5
66509,"Four Points, LLC",https://app.dcoz.dc.gov/Content/Search/ViewCaseReport.aspx?case_id=08-07C,DC Register 11/9/18 (second stage PUD),C-3-A,Final,08-07C,0,0,{886905A5-A433-4BCC-B97E-02685800B827},Ward 8
66505,"300 Morse CPK Owner, LLC, 350 Morse CPK Owner C2, LLC, 350 Morse CPK Owner, LLC, Grosvenor USA Limited & Carr Properties OS, LLC",https://app.dcoz.dc.gov/Content/Search/ViewCaseReport.aspx?case_id=15-27A,DC Register Setdown 4/08/2019,C-3-C,Pending,15-27A,0,0,{0989BA26-23F2-4806-85CB-B1FD8BBBCF73},Ward 5
66423,Dancing Crab Properties LLC,https://app.dcoz.dc.gov/Content/Search/ViewCaseReport.aspx?case_id=18-03,Setdown 6/11/18,MU-5B,Final,18-03,0,0,{91E4C29E-0A15-49AF-AC87-57DF2EB5DC11},Ward 3
66424,"WFS2, LLC & District of Columbia",https://app.dcoz.dc.gov/Content/Search/ViewCaseReport.aspx?case_id=02-38J,"Setdown 7/30/18, DC Register 8/16/2019",C-3-C,Final,02-38J,0,0,{3F9B48F8-F048-4912-9E82-597220C10891},Ward 6
66425,"	D.C. Wheel Productions, Inc. dba Dance Place",https://app.dcoz.dc.gov/Content/Search/ViewCaseReport.aspx?case_id=09-08B,Second Stage PUD,C-2-B,Final,09-08B,0,0,{1E82EF45-87E5-47D2-8135-0263F01FF902},Ward 5
66426,"Capitol Crossing I, LLC",https://app.dcoz.dc.gov/Content/Search/ViewCaseReport.aspx?case_id=08-34G,PUD Minor Modification,C-4,Final,08-34G,0,0,{FE306BAE-D5D6-4AE8-80A7-C3BDD63CA819},Ward 2
66427,"Capitol Crossing V, LLC",https://app.dcoz.dc.gov/Content/Search/ViewCaseReport.aspx?case_id=08-34F,PUD Modification,C-4,Final,08-34F,0,0,{4BC70C97-11D0-4022-8DAB-B75415BFDE3C},Ward 2
66428,"Four Points, LLC & Curtis Properties",https://app.dcoz.dc.gov/Content/Search/ViewCaseReport.aspx?case_id=08-07D,Second Stage PUD. 3/30/15,C-3-C,Final,08-07D,0,0,{3E947A02-9D67-4F63-8933-B1F322FB8BE6},Ward 8
66429,"Lano Parcel 2, LLC etc.",https://app.dcoz.dc.gov/Content/Search/ViewCaseReport.aspx?case_id=05-28L,PUD Time Extension 2013,"C-3-A, CR",Final,05-28L,0,0,{89261C0D-6F66-40A0-90D8-E7586F69FA96},Ward 7
66430,Parkside Residential LLC,https://app.dcoz.dc.gov/Content/Search/ViewCaseReport.aspx?case_id=05-28R,Second Stage PUD,"C-3-A, CR",Final,05-28R,0,0,{F249CC1F-BD83-4AD0-BEED-16AF601DDC54},Ward 7
66431,Parkside Residential LLC,https://app.dcoz.dc.gov/Content/Search/ViewCaseReport.aspx?case_id=05-28J,Second Stage PUD,"C-3-A, CR",Final,05-28J,0,0,{865A110D-1B4B-4CC4-B9CA-A4DF9F45829A},Ward 7
66432,Parkside Residential LLC,https://app.dcoz.dc.gov/Content/Search/ViewCaseReport.aspx?case_id=05-28F,Second Stage PUD,"C-3-A, CR",Final,05-28F,0,0,{A6D5A206-515E-4708-B15E-D432213CF37B},Ward 7
66433,Foulger-Pratt Development LLC,https://app.dcoz.dc.gov/Content/Search/ViewCaseReport.aspx?case_id=15-28,"Setdown 2/8/16, DC Register 12/23/16",C-3-C,Final,15-28,0,0,{62990501-6621-4024-8D2C-D816162B7A8B},Ward 6
66434,Insight E Street LLC,https://app.dcoz.dc.gov/Content/Search/ViewCaseReport.aspx?case_id=15-33A,"DC Register 11/18/16, DC Register 12/22/17",R-5-B,Final,15-33A,0,0,{C5243FD6-D2A5-465E-AD08-4503A901DB90},Ward 6
66435,DC Stadium LLC,https://app.dcoz.dc.gov/Content/Search/ViewCaseReport.aspx?case_id=16-02,Setdown 3/14/16,None,Final,16-02,0,0,{64D95468-B4DB-45A0-9AE5-4B4C4FB1CE2C},Ward 6
66436,Initio LP,https://app.dcoz.dc.gov/Content/Search/ViewCaseReport.aspx?case_id=15-18A,"Setdown 4/11/16, DC Register 2/2/18",W-2,Final,15-18A,0,0,{B3662BE7-EADD-46FA-A59A-AF16E1FB8C67},Ward 2
66437,777 17th Street LLC,https://app.dcoz.dc.gov/Content/Search/ViewCaseReport.aspx?case_id=15-31,Setdown 4/11/16,C-2-B,Final,15-31,0,0,{C59AC27C-7985-426D-B765-D0959A4AA953},Ward 5
66438,1200 3rd Street LLC,https://app.dcoz.dc.gov/Content/Search/ViewCaseReport.aspx?case_id=16-09,"Setdown 6/13/16, Approved DC Register 8/11/17",C-3-C,Final,16-09,0,0,{415EDFD1-4E86-4B94-A3FB-E59BB78EA7C6},Ward 6
66439,Fifth and Morse L/Cal LLC,https://app.dcoz.dc.gov/Content/Search/ViewCaseReport.aspx?case_id=16-05,"Setdown 6/13/16, DC Register 12/8/17",C-3-C,Final,16-05,0,0,{DF5822C5-AC20-424C-A44D-5E46A42B43A9},Ward 5
66440,W-G 9th and O LLC,https://app.dcoz.dc.gov/Content/Search/ViewCaseReport.aspx?case_id=16-07,Setdown 6/13/16,C-2-B,Final,16-07,0,0,{00E11FF2-4387-4A6C-8FF5-42EA68B80AE9},Ward 6
66441,Sherman Avenue LLC,https://app.dcoz.dc.gov/Content/Search/ViewCaseReport.aspx?case_id=15-34A,DC Register 9/1/17,CR,Final,15-34A,0,0,{553FB3D0-DDBC-449C-A0D7-16B209A7D231},Ward 1
66442,1126 9th St NW LLC,https://app.dcoz.dc.gov/Content/Search/ViewCaseReport.aspx?case_id=15-32,DC Register 11/25/16,DD/C-2-C,Final,15-32B,0,0,{D01A7AA6-827D-4D87-9ECF-C83544AA1404},Ward 2
66443,Park View Community Partners & the District of Columbia,https://app.dcoz.dc.gov/Content/Search/ViewCaseReport.aspx?case_id=16-12,"Setdown 7/25/16, DC Register 5/5/17",R-5-B,Final,16-12,0,0,{69810AC8-87A9-42ED-8BC2-166EB3007E19},Ward 1
66444,JS Congress Holdings LLC,https://app.dcoz.dc.gov/Content/Search/ViewCaseReport.aspx?case_id=16-13B,"Setdown 7/25/16, DC Register 7/13/18",C-2-B,Final,16-13B,0,0,{FD830E0C-D51F-4156-B79C-DC1927439EA9},Ward 6
66445,EYA Development LLC,https://app.dcoz.dc.gov/Content/Search/ViewCaseReport.aspx?case_id=16-17,Setdown 10/17/16,RA-1,Final,16-17,0,0,{05ABF276-8123-419B-AEB1-7CDA652E4A6B},Ward 5
66446,1336 8th St SPE LLC,https://app.dcoz.dc.gov/Content/Search/ViewCaseReport.aspx?case_id=16-24,"Setdown 2/13/17, DC Register 11/10/17",MU-6,Final,16-24,0,0,{5C020527-B4AA-46CB-B191-3161BBF62DBB},Ward 6
66447,Poplar Point RBBR LLC,https://app.dcoz.dc.gov/Content/Search/ViewCaseReport.aspx?case_id=16-29,"Setdown 2/27/17, Order DC Register 5/25/18",MU-9,"Extinguished, DC Register 6/28/19",16-29,0,0,{C39BA7CA-FAAE-4DB9-B192-D5F5B0C2D7CD},Ward 8
66448,Wisconsin Owner LLC,https://app.dcoz.dc.gov/Content/Search/ViewCaseReport.aspx?case_id=16-26,Setdown 3/13/17,MU-7,Final,16-26,0,0,{900BF378-AE79-4591-8E23-1019A79FD662},Ward 3
66449,3443 Benning Road LLC,https://app.dcoz.dc.gov/Content/Search/ViewCaseReport.aspx?case_id=16-20,Hearing 11/14/16,MU-7,Final,16-20,0,0,{F894B2AA-00D4-49AF-8413-D6E88128E7DC},Ward 7
66450,"Waterfront 375 M Street, LLC & Waterfront 425 M Street, LLC",https://app.dcoz.dc.gov/Content/Search/ViewCaseReport.aspx?case_id=02-38I,"Setdown 6/12/17, DC Register 118/19",MU-9,Final,02-38I,0,0,{AED1305E-20DC-4581-A73E-B8640F222FFF},Ward 6
66451,"Providence Place I, LP",https://app.dcoz.dc.gov/Content/Search/ViewCaseReport.aspx?case_id=17-08,Setdown 6/12/17,RA-2,Final,17-08,0,0,{55CBB00E-5DE0-4043-864A-CC0CA30F5C30},Ward 7
66452,George Washington University & Boston Properties,https://app.dcoz.dc.gov/Content/Search/ViewCaseReport.aspx?case_id=06-12O,"Setdown 6/25/17, DC Register 7/27/18",MU-30,Final,06-11O/06-12O,0,0,{A709590B-FAF4-4EFD-95C0-07BC25B3C081},Ward 2
66453,The Warrenton Group,https://app.dcoz.dc.gov/Content/Search/ViewCaseReport.aspx?case_id=06-12O,Setdown 6/25/17,MU-5A,Final,17-10,0,0,{C5C8A35E-1DDF-498D-BB27-FE25FBEF623D},Ward 7
66454,EAJ 400 Florida Avenue LLC,https://app.dcoz.dc.gov/Content/Search/ViewCaseReport.aspx?case_id=16-10,DC Register 5/5/17,C-3-C,Final,16-10,0,0,{2F5340ED-14B3-4145-AD1B-5F2E72457BEB},Ward 5
66455,KF Morse LLC,https://app.dcoz.dc.gov/Content/Search/ViewCaseReport.aspx?case_id=15-27,"Application 10/16/15, Approved DC Regsiter 7/21/17",C-3-C,Final,15-27,0,0,{89CA2C1C-FE70-495D-A0E7-6B85074B346A},Ward 5
66456,Capital Vista Community PArtners & District of Columbia,https://app.dcoz.dc.gov/Content/Search/ViewCaseReport.aspx?case_id=17-06,Setdown 5/22/17,D-4-R,Final,17-06,0,0,{FB7037DB-AFED-4274-B0AA-932B8A04030B},Ward 6
66457,"GG Union LP, 1250 4th St LLC & 4th st NE LLC",https://app.dcoz.dc.gov/Content/Search/ViewCaseReport.aspx?case_id=14-07B,"Setdown 1/30/2017, DC Register 12/22/17",C-3-C,Final,14-07B,0,0,{79727FAA-8D3A-4029-921D-5373FB016EFE},Ward 5
66458,"Wharf Phase 3 REIT Leaseholder, LLC",https://app.dcoz.dc.gov/Content/Search/ViewCaseReport.aspx?case_id=11-03J,Setdown 7/24/17,"C-3-C, R-5-B, W-1",Final,11-03J,0,0,{65648F8F-BF46-4A1F-B9B3-5585E456CDA6},Ward 6
66459,"FP Eckington Holdings, LLC",https://app.dcoz.dc.gov/Content/Search/ViewCaseReport.aspx?case_id=17-09,Setdown 7/24/17,MU-5A,Final,17-09,0,0,{C79B5C22-F508-479A-B48A-D03FBAB8902B},Ward 5
66460,The Warrenton Group & NHP Foundation,https://app.dcoz.dc.gov/Content/Search/ViewCaseReport.aspx?case_id=17-19,"Setdown 12/11/17, DC Register 7/6/18",MU-4,Final,17-19,0,0,{55E9D769-A761-402B-9D5B-162DEC984199},Ward 7
66461,"As You Like It, LLC",https://app.dcoz.dc.gov/Content/Search/ViewCaseReport.aspx?case_id=17-21,Setdown 2/26/18,MU-4,Pending,17-21,0,0,{3F58E5C8-9C13-43F8-935B-682BA3A3ABAF},Ward 6
66462,UM 500 Penn Street NE LLC & UDR Inc,https://app.dcoz.dc.gov/Content/Search/ViewCaseReport.aspx?case_id=17-14,"Setdown 2/26/17, DC Register 11/2/18",MU-9,Final,17-14,0,0,{0BD892DF-91E9-4F16-8E4F-A4CA32DD6DF4},Ward 5
66463,Jewish Historical Society of Greater Washington,https://app.dcoz.dc.gov/Content/Search/ViewCaseReport.aspx?case_id=08-34H,Setdown 2/26/28,C-4,Pending,08-34H,0,0,{0C103F43-5508-4826-AB99-4E9D13833832},Ward 2
66464,WMATA Operations Control Center Building,https://app.dcoz.dc.gov/Content/Search/ViewCaseReport.aspx?case_id=70-28,12/15/1971,SP-2,"Extinguished, DC Register 5/31/19",70-28,0,0,{4EA32CA7-A435-41AC-BFD7-B98F469548E7},Ward 2
66465,Colony House,https://app.dcoz.dc.gov/Content/Search/ViewCaseReport.aspx?case_id=93-7,"Official Digital Zoning Map of July 1, 2010",None,Final,93-7,0,0,{EF42C6B2-10AD-4BDA-872C-07E36B6CD17F},Ward 4
66466,Comstock Sixth Street LLC,https://app.dcoz.dc.gov/Content/Search/ViewCaseReport.aspx?case_id=15-04,"Set down April 13, 2015, Approved DC Register 1/15/16",R-4,Final,15-04,0,0,{6196E0C2-D102-40DF-8385-2551166681E5},Ward 5
66467,MRP Realty,https://app.dcoz.dc.gov/Content/Search/ViewCaseReport.aspx?case_id=15-07,Setdown 4/27/15,None,Final,15-07,0,0,{AA3BF7B0-0F2D-48CC-ABAC-27CCD3DF9D08},Ward 6
66468,EYA LLC & St. Pauls College,https://app.dcoz.dc.gov/Content/Search/ViewCaseReport.aspx?case_id=07-27A,Minor Modification 6/13/11,R-5-B,Final,07-27A,0,0,{FD4D9606-F92F-461F-ABF9-F8DDFAF47798},Ward 5
66469,View 14 Investments LLC,https://app.dcoz.dc.gov/Content/Search/ViewCaseReport.aspx?case_id=05-22A,PUD Modification DC Register July 3 2014,None,Final,05-22A,0,0,{31A91996-97BE-4A6B-8009-A0426D0C9C0C},Ward 1
66470,BP 1330 Connecticut Avenue LLC,https://app.dcoz.dc.gov/Content/Search/ViewCaseReport.aspx?case_id=80-13A,DC Register 7/30/15,C-3-B,Final,80-13A,0,0,{A9D3746C-4700-4D8A-9FB3-7D81BE1BD9FB},Ward 2
66471,Capitol Crossing IV LLC & Archdiocese of Washington Holy Rosary,https://app.dcoz.dc.gov/Content/Search/ViewCaseReport.aspx?case_id=08-34C,"Case # 08-34C, Setdown July 29, 2013, 2nd Stage PUD",HR/C-4,Final,08-34C,0,0,{F4BBF949-1DD6-4437-AF6C-5B55720B8A69},Ward 6
66472,1250 4th St Edens LLC,https://app.dcoz.dc.gov/Content/Search/ViewCaseReport.aspx?case_id=14-07A,"DC Register July 3 2015, DC Register May 5, 2017",C-3-C,Final,14-07A,0,0,{8A692D13-FA09-41D4-897F-FFFD9CE70576},Ward 5
66473,Jemals CDC LLC,https://app.dcoz.dc.gov/Content/Search/ViewCaseReport.aspx?case_id=14-14,"Set Down 9/30/14, DC Register 7/30/15",HS-H/C-2-B,Final,14-14,0,0,{ABB40255-30EE-48DC-9370-DA0F4104CED4},Ward 6
66474,Barry Place Partners LLC,https://app.dcoz.dc.gov/Content/Search/ViewCaseReport.aspx?case_id=14-21,"Set Down 1/12/14, DC Register 7/30/15",C-2-B,Final,14-21,0,0,{9642A944-9DCB-4C65-A5F8-E27A7C1E6B95},Ward 1
66475,MHI-Brookland LLC,https://app.dcoz.dc.gov/Content/Search/ViewCaseReport.aspx?case_id=15-02,Set Down 6/28/15,R-5-B,Final,15-02,0,0,{0ECCBCE3-91A5-4E58-8F3D-8D25469187F2},Ward 5
66476,Deanwood Hills LLC,https://app.dcoz.dc.gov/Content/Search/ViewCaseReport.aspx?case_id=15-10,DC Register 12/21/15 Approved,R-5-B,Final,15-10,0,0,{2C4C1FCD-D28C-4949-8767-ED1887CB7DA3},Ward 7
66477,Governments of Czechoslovakia & Hungary & Indonesia & Poland,https://app.dcoz.dc.gov/Content/Search/ViewCaseReport.aspx?case_id=71-5,"Case 71-5, Order 70 (R-5-C changed to R-5-D via Order 721)",R-5-D,Final,71-5,0,0,{FF75F891-0583-4167-88F5-28424BF7CA7E},Ward 3
66478,Covenant Baptist Church,https://app.dcoz.dc.gov/Content/Search/ViewCaseReport.aspx?case_id=12-21A,"Case # 12-21, Approved DC Register 4/18/14, Time Extension 7/7/16",R-5-A,Final,12-21A,0,0,{432E7201-DD64-48C8-A7F7-5B34F6324775},Ward 8
66479,13th and U Lessee LLC,https://app.dcoz.dc.gov/Content/Search/ViewCaseReport.aspx?case_id=12-20A,Case #12-20A,ARTS/CR,Final,12-20A,0,0,{C80A780E-7A89-4C43-BECA-13F5BCB447E3},Ward 1
66480,Hoffman-Struever Waterfront LLC,https://app.dcoz.dc.gov/Content/Search/ViewCaseReport.aspx?case_id=11-03,Case # 11-03,"W-1, C-3-C, R-5-B",Final,11-03,0,0,{79BE8CEA-7D61-4866-8DB7-75B55C53B3D9},Ward 6
66481,"Toll DC II, LP",https://app.dcoz.dc.gov/Content/Search/ViewCaseReport.aspx?case_id=05-36K,"93-3 extinguished, 05-36 is latest iteration (Exhibit 16)",C-3-C,Final,05-36K,0,0,{4536B46C-BAF1-43BE-B7EA-1F7B49CEC47E},Ward 6
66482,Square 5914 LLC,https://app.dcoz.dc.gov/Content/Search/ViewCaseReport.aspx?case_id=13-08,Case No. 13-08,C-3-B,Final,13-08,0,0,{B439DB68-EBC0-4888-9CE5-EDE77078026B},Ward 8
66483,Center Place Holdings LLC,https://app.dcoz.dc.gov/Content/Search/ViewCaseReport.aspx?case_id=08-34B,Order 08-34 approved on 05/23/2011. Order 08-34A approved on 3/1/13.,C-4,Final,08-34B,0,0,{BDA7A409-7A19-4488-A79B-013ED4386873},Ward 6
66484,ICG 16th Street Associates LLC,https://app.dcoz.dc.gov/Content/Search/ViewCaseReport.aspx?case_id=13-04,"Case # 13-04, order final 10/4/2013",C-3-C,Final,13-04,0,0,{88E8A35B-A08D-4E83-98AF-3D9BC5455864},Ward 2
66485,1001 4th Street S.W.,https://app.dcoz.dc.gov/Content/Search/ViewCaseReport.aspx?case_id=02-38D,Case 02-38D approved 9/30/13,C-3-C,Final,02-38D,0,0,{F7749F08-3937-4126-BA47-45A83B63F9C7},Ward 6
66486,ZP Georgia LP,https://app.dcoz.dc.gov/Content/Search/ViewCaseReport.aspx?case_id=13-10A,"Set Down as contested case, 12/9/13",C-2-B,Final,13-10A,0,0,{FAF00090-EF67-4893-8AB2-E81713538AE3},Ward 1
66487,Vision McMillan Partners LLC & DMPED,https://app.dcoz.dc.gov/Content/Search/ViewCaseReport.aspx?case_id=13-14,"Case 13-14 Set Down as contested case 1/27/14, Remanded by Court of Appeals rehearing 3/20/17","C-3-C, CR",Final,13-14,0,0,{FCB84FDC-FF4E-414B-8F93-2252B50B29AB},Ward 5
66489,Jemals Hechts LLC,https://app.dcoz.dc.gov/Content/Search/ViewCaseReport.aspx?case_id=14-01A,"Set Down 2/24/14, Approved July 17, 2015",C-3-C,Final,14-01A,0,0,{BB8A9C06-FC2D-4216-A1CA-81269B41E23F},Ward 5
66490,WBG Wheeler Road LLC,https://app.dcoz.dc.gov/Content/Search/ViewCaseReport.aspx?case_id=13-18B,"Order Published DC Register April 17, 2015, DC Register 2/2/18",C-2-B,Final,13-18B,0,0,{9588AFBE-DC58-4670-9340-A1D2FD56723D},Ward 8
66491,1333 M St SE LLC,https://app.dcoz.dc.gov/Content/Search/ViewCaseReport.aspx?case_id=13-12A,"Set Down 3/10/14, Time Extension 2/27/17",C-3-C,Final,13-12A,0,0,{98E4FEF4-9EB9-4F61-B755-424DBEB2BE4B},Ward 6
66492,Professional Associates and International Finance Corporation,https://app.dcoz.dc.gov/Content/Search/ViewCaseReport.aspx?case_id=14-04A,"Case # 14-04 Set Down 4/15/14, Approved 12/5/14",None,Final,14-04A,0,0,{A3899A99-DE03-4443-BC1F-0AAF10B02057},Ward 2
66493,Portner Place LLC,https://app.dcoz.dc.gov/Content/Search/ViewCaseReport.aspx?case_id=14-08,Set Down 6/30/14,"R-5-D, CR",Final,14-08,0,0,{D114D5CB-0635-4188-8693-B3C8BA99A24D},Ward 1
66494,QC 369 LLC,https://app.dcoz.dc.gov/Content/Search/ViewCaseReport.aspx?case_id=14-09,Order 14-09 5/1/15,"DD/C-2-C, DD/C-2-A",Final,14-09,0,0,{BCB0307A-DFDF-4810-95D5-55281CE7CC63},Ward 2
66495,EAJ 1309 5th St LLC,https://app.dcoz.dc.gov/Content/Search/ViewCaseReport.aspx?case_id=14-12A,"Case 14-12 Set Down 7/28/14 DC Register 5/8/15, Time Extension 9/17/18",C-3-C,Final,14-12A,0,0,{FCC88E56-F84C-48E4-ACFC-F251005510AD},Ward 5
66496,Parkside Residential LLC,https://app.dcoz.dc.gov/Content/Search/ViewCaseReport.aspx?case_id=05-28P,Second Stage PUD,"C-3-A, CR",Final,05-28P,0,0,{E5AC1EE5-3244-4B2F-AF0E-B735437BFF7D},Ward 7
66488,Brownstein Commons LP,https://app.dcoz.dc.gov/Content/Search/ViewCaseReport.aspx?case_id=13-17,"Setdown 2/10/14 Case # 13-17, Approved 6/30/14",R-5-B,Final,13-17,0,0,{8F8BB56D-108F-498E-895E-63801862AFDA},Ward 8
66308,Eastgate Family Housing,https://app.dcoz.dc.gov/Content/Search/ViewCaseReport.aspx?case_id=05-24B,"Official Digital Zoning Map of July 1, 2010",None,Final,05-24B,0,0,{A54D75F9-542D-4A9A-89B1-D4CBD140A67D},Ward 7
66309,"Rocky Gorge at Fort Totten, LLC",https://app.dcoz.dc.gov/Content/Search/ViewCaseReport.aspx?case_id=04-11,"Official Digital Zoning Map of July 1, 2010",R-4,Final,04-11,0,0,{F3EA7AA4-6B6F-4589-AE9F-412F59BA8C21},Ward 5
66310,Station Holdings LLC,https://app.dcoz.dc.gov/Content/Search/ViewCaseReport.aspx?case_id=05-37C,"Official Digital Zoning Map of July 1, 2010","C-2-A, C-2-B, C-3-C",Final,05-37C,0,0,{D242D07D-1C04-4FBF-A039-EA6E64CBFFC0},Ward 6
66311,Mill Creek Residential Trust,https://app.dcoz.dc.gov/Content/Search/ViewCaseReport.aspx?case_id=05-38C,"Setdown 3/9/15, Approved 7/13/15, DC Register 8/25/17",C-3-C,Final,05-38C,0,0,{BDD3EE1B-2913-42D2-9511-12A78271E94C},Ward 6
66312,Capital Gateway Estates,https://app.dcoz.dc.gov/Content/Search/ViewCaseReport.aspx?case_id=03-03B,"Official Digital Zoning Map of July 1, 2010",R-5-A,Final,03-03B,0,0,{8D18C8DD-EBE7-41BA-A580-B5EDA71EFDDD},Ward 7
66313,5401 Western Avenue,https://app.dcoz.dc.gov/Content/Search/ViewCaseReport.aspx?case_id=04-06,"Official Digital Zoning Map of July 1, 2010",R-5-C,Final,04-06,0,0,{D4916494-55EE-4D01-A49F-FB18B40CA7AE},Ward 3
66314,George Washington University,https://app.dcoz.dc.gov/Content/Search/ViewCaseReport.aspx?case_id=80-11,"Official Digital Zoning Map of July 1, 2010",C-3-C,Final,80-11,0,0,{0FADC869-DEB7-475A-8E85-99AE085E655E},Ward 2
66315,Jemals Darth Vader LLC,https://app.dcoz.dc.gov/Content/Search/ViewCaseReport.aspx?case_id=80-07A,PUD Modification Setdown 7/11/16,C-4,Final,80-07A,0,0,{588F5EFF-7033-496F-8C33-230D5FCC4057},Ward 6
66316,Walter Washington Estates,https://app.dcoz.dc.gov/Content/Search/ViewCaseReport.aspx?case_id=00-16,"Official Digital Zoning Map of July 1, 2010",R-5-A,Final,00-16,0,0,{71996383-56AF-40F2-BB33-C8DDC66F50AA},Ward 8
66317,McLean Gardens,https://app.dcoz.dc.gov/Content/Search/ViewCaseReport.aspx?case_id=87-17,"Official Digital Zoning Map of July 1, 2010","R-5-B, C-2-B, C-2-A",Final,87-17,0,0,{2F5ABF24-196F-43D8-BE45-24EAE2970847},Ward 3
66318,Retirement Housing Foundation,https://app.dcoz.dc.gov/Content/Search/ViewCaseReport.aspx?case_id=01-24,"Official Digital Zoning Map of July 1, 2010",C-2-A,Final,01-24,0,0,{2B582489-E4C9-4AB0-953B-88DA7534E83A},Ward 5
66319,Bryan School,https://app.dcoz.dc.gov/Content/Search/ViewCaseReport.aspx?case_id=00-34,"Official Digital Zoning Map of July 1, 2010",R-5-B,Final,00-34,0,0,{25B28929-67D5-4383-8298-ABEB410CC8A6},Ward 6
66320,Broadway Atlantic One LLC,https://app.dcoz.dc.gov/Content/Search/ViewCaseReport.aspx?case_id=05-17C/05-32C,"Official Digital Zoning Map of July 1, 2010",None,Final,05-17C/05-32C,0,0,{A0E1AD13-8C41-480D-A7DD-A30AED9D5E5B},Ward 1
66321,Capper/Carrollsburg Venture,https://app.dcoz.dc.gov/Content/Search/ViewCaseReport.aspx?case_id=03-12X/03-13X,"Official Digital Zoning Map of July 1, 2010",CR,Final,03-12X/03-13X,0,0,{1DF6B465-91EB-4945-AE23-1A431DE8E21E},Ward 6
66322,GWU - Foggy Bottom Campus,https://app.dcoz.dc.gov/Content/Search/ViewCaseReport.aspx?case_id=06-11,"Official Digital Zoning Map of July 1, 2010","R-5-D, R-5-E, SP-2, C-3-C, C-4",Final,06-11,0,0,{D5E00231-DA8F-4C97-AE67-87D678C90D78},Ward 2
66323,2126 Wyoming Avenue NW,https://app.dcoz.dc.gov/Content/Search/ViewCaseReport.aspx?case_id=03-24,"Official Digital Zoning Map of July 1, 2010",R-5-D,Final,03-24,0,0,{B753DA23-22E3-4943-9D7F-535F99A3C429},Ward 2
66324,Abdo Development LLC,https://app.dcoz.dc.gov/Content/Search/ViewCaseReport.aspx?case_id=04-22A,"Official Digital Zoning Map of July 1, 2010",C-3-C,Final,04-22A,0,0,{05BDBF48-3D4B-4288-8FCB-C8C6C28D65E4},Ward 6
66325,2300 Pennsylvania Avenue LLC,https://app.dcoz.dc.gov/Content/Search/ViewCaseReport.aspx?case_id=07-16,"Official Digital Zoning Map of July 1, 2010",None,Final,07-16,0,0,{79DE183D-C854-4134-AD76-8EB4EB950913},Ward 7
66326,1210C R St LLC,https://app.dcoz.dc.gov/Content/Search/ViewCaseReport.aspx?case_id=04-13C,Setdown as Modification of Significance 09-17-18,R-5-B,Pending,04-13C,0,0,{3398F43A-7812-44AD-B021-5F58E6228ADE},Ward 2
66327,Petworth Holdings LLC,https://app.dcoz.dc.gov/Content/Search/ViewCaseReport.aspx?case_id=06-02A,"Official Digital Zoning Map of July 1, 2010",C-3-A,Final,06-02A,0,0,{36D467B1-AE58-475B-9B07-28A8A384CE16},Ward 4
66328,1000 Connecticut Avenue N.W.,https://app.dcoz.dc.gov/Content/Search/ViewCaseReport.aspx?case_id=06-13,"Official Digital Zoning Map of July 1, 2010",None,Final,06-13,0,0,{CFC09210-7549-48E6-B23C-EFAAE4D4EED4},Ward 2
66329,MRP Realty LLC,https://app.dcoz.dc.gov/Content/Search/ViewCaseReport.aspx?case_id=06-14F,"Official Digital Zoning Map of July 1, 2010",None,Final,06-14F,0,0,{D9D6833B-CAE1-49AA-AB86-C7528D3E5466},Ward 5
66330,"Washington Value Added I, LLC",https://app.dcoz.dc.gov/Content/Search/ViewCaseReport.aspx?case_id=06-29C,"Time Extension of PUD Lapsed, Expired in 2016",None,Expired,06-29C,0,0,{062EF794-D633-40C5-814E-10B85C1492FE},Ward 2
66331,5000 Overlook Avenue S.W,https://app.dcoz.dc.gov/Content/Search/ViewCaseReport.aspx?case_id=04-19A,"Official Digital Zoning Map of July 1, 2010",None,Final,04-19A,0,0,{06A33B67-C06D-407B-883C-C4FE479E9AB1},Ward 8
66332,LAT PYD  I,https://app.dcoz.dc.gov/Content/Search/ViewCaseReport.aspx?case_id=06-34A,"Official Digital Zoning Map of July 1, 2010",R-5-B,Final,06-34A,0,0,{1CDE2B7A-4ACA-4909-BAA7-22D01CA29020},Ward 6
66333,Camden Development Inc.,https://app.dcoz.dc.gov/Content/Search/ViewCaseReport.aspx?case_id=06-41,"Official Digital Zoning Map of July 1, 2010",CG/C-3-C,Final,06-41,0,0,{57077AB5-1F48-4242-A80B-892E808A9454},Ward 6
66334,Florida & Q Sreet LLC,https://app.dcoz.dc.gov/Content/Search/ViewCaseReport.aspx?case_id=06-04G,"Case # 06-04D, DC Register 8/3/18",C-2-B,Final,06-04G,0,0,{D17F42BD-8B58-43AE-8061-7C826C9B8AD7},Ward 5
66195,Valley Green/Skytower,https://app.dcoz.dc.gov/Content/Search/ViewCaseReport.aspx?case_id=98-3,"Official Digital Zoning Map of July 1, 2010",None,Final,98-3,0,0,{2CB1D2B3-660E-459A-9B36-6E54147316EC},Ward 8
66196,Tenley Park LLC,https://app.dcoz.dc.gov/Content/Search/ViewCaseReport.aspx?case_id=00-03,"Official Digital Zoning Map of July 1, 2010",R-5-B,Final,00-03,0,0,{D168C39C-32D5-4D4C-B359-C095D7410B0C},Ward 3
66197,Blair Road LP,https://app.dcoz.dc.gov/Content/Search/ViewCaseReport.aspx?case_id=76-3,"Official Digital Zoning Map of July 1, 2010",R-5-A,Final,76-3,0,0,{E4FC7FD9-248E-4A79-A200-D6E6169A3CDF},Ward 4
66198,Oxon Creek,https://app.dcoz.dc.gov/Content/Search/ViewCaseReport.aspx?case_id=97-10,"Official Digital Zoning Map of July 1, 2010",R-5-A,Final,97-10,0,0,{475DF305-4C5D-4D39-BEC7-24488CF5F6C5},Ward 8
66199,Fredrick Douglas Stanton,https://app.dcoz.dc.gov/Content/Search/ViewCaseReport.aspx?case_id=01-18,"Official Digital Zoning Map of July 1, 2010",R-5-A,Final,01-18,0,0,{F9C2D880-F775-4F8A-A70E-64CF60DDD80D},Ward 8
66200,Sumner School Project,https://app.dcoz.dc.gov/Content/Search/ViewCaseReport.aspx?case_id=82-14,"Official Digital Zoning Map of July 1, 2010",C-4,Final,82-14,0,0,{3E3FC275-A63F-45E3-86A1-D8772A9C690A},Ward 2
66201,K/26 Partnership,https://app.dcoz.dc.gov/Content/Search/ViewCaseReport.aspx?case_id=84-16,"Official Digital Zoning Map of July 1, 2010",R-5-D,Final,84-16,0,0,{1F47F70F-210B-416A-BCB1-F54A42B36CB0},Ward 2
66202,Chevy Chase Pavilion,https://app.dcoz.dc.gov/Content/Search/ViewCaseReport.aspx?case_id=85-16,"Official Digital Zoning Map of July 1, 2010",C-3-B,Final,85-16,0,0,{DFEED75E-4300-45C3-95BA-F4DD06CCC229},Ward 3
66203,Abrams & Associates,https://app.dcoz.dc.gov/Content/Search/ViewCaseReport.aspx?case_id=85-20,"Official Digital Zoning Map of July 1, 2010",C-3-B,Final,85-20,0,0,{155A38C0-B46C-4BFD-B482-314B7ED05955},Ward 3
66204,St. Matthews Cathedral,https://app.dcoz.dc.gov/Content/Search/ViewCaseReport.aspx?case_id=85-19,"Official Digital Zoning Map of July 1, 2010",C-3-C,Final,85-19,0,0,{E5198214-9CAF-4152-9E6F-F2A11166A261},Ward 2
66205,Mayfair House,https://app.dcoz.dc.gov/Content/Search/ViewCaseReport.aspx?case_id=87-24,"Official Digital Zoning Map of July 1, 2010",C-3-C,Final,87-24,0,0,{211A2992-2511-4233-81E2-A0F6F43E977E},Ward 2
66206,Penn Plaza,https://app.dcoz.dc.gov/Content/Search/ViewCaseReport.aspx?case_id=87-29,"Official Digital Zoning Map of July 1, 2010",C-3-C,Final,87-29,0,0,{14284869-2547-489F-9B3C-23F7B097A1E9},Ward 2
66207,Wynmark Development Corporation,https://app.dcoz.dc.gov/Content/Search/ViewCaseReport.aspx?case_id=88-2,"Official Digital Zoning Map of July 1, 2010",None,Final,88-2,0,0,{E745AC1E-44D8-47F4-8046-9CE3404E49F1},Ward 2
66208,Gonzaga,https://app.dcoz.dc.gov/Content/Search/ViewCaseReport.aspx?case_id=89-14,"Official Digital Zoning Map of July 1, 2010",C-3-C,Final,89-14,0,0,{79389796-CD96-4E4C-A661-461BC35329DC},Ward 6
66241,1212 Mass. Ave.,https://app.dcoz.dc.gov/Content/Search/ViewCaseReport.aspx?case_id=89-22,"Official Digital Zoning Map of July 1, 2010",C-3-C,Final,89-22,0,0,{B922CC97-3B63-4A98-BAB1-7BB73E2D644C},Ward 2
66242,Brookings Institute,https://app.dcoz.dc.gov/Content/Search/ViewCaseReport.aspx?case_id=89-2,"Official Digital Zoning Map of July 1, 2010",SP-2,Final,89-2,0,0,{BFA3B1DA-A197-4D5B-B113-58E75B896F6F},Ward 2
66243,Franklin Plaza,https://app.dcoz.dc.gov/Content/Search/ViewCaseReport.aspx?case_id=89-7,"Official Digital Zoning Map of July 1, 2010",C-4,Final,89-7,0,0,{FDC88205-6280-4879-A51E-AD919AE8742E},Ward 2
66244,International Monetary Fund,https://app.dcoz.dc.gov/Content/Search/ViewCaseReport.aspx?case_id=91-7,"Official Digital Zoning Map of July 1, 2010",C-3-C,Final,91-7,0,0,{6BE5E60A-6235-4EC3-8226-D11D09D8CB6E},Ward 2
66245,IBG/Citistate,https://app.dcoz.dc.gov/Content/Search/ViewCaseReport.aspx?case_id=92-4,"Official Digital Zoning Map of July 1, 2010",R-5-D,Final,92-4,0,0,{C64F9038-4606-4B34-A0D8-C663DEB327B8},Ward 2
66246,Non-Profit Community Development Corp.,https://app.dcoz.dc.gov/Content/Search/ViewCaseReport.aspx?case_id=05-14A,"Official Digital Zoning Map of July 1, 2010",C-2-B,Final,05-14A,0,0,{5986B970-5392-4035-976D-6C839316311B},Ward 1
66247,DCPS and GWU- School Without Walls,https://app.dcoz.dc.gov/Content/Search/ViewCaseReport.aspx?case_id=06-17,"Official Digital Zoning Map of July 1, 2010",SP-2,Final,06-17,0,0,{CC5198F3-98C9-4054-ABA1-1589C0382013},Ward 2
66248,Sibley Memorial Hospital,https://app.dcoz.dc.gov/Content/Search/ViewCaseReport.aspx?case_id=05-42,"Official Digital Zoning Map of July 1, 2010",SP-1,Final,05-42,0,0,{2F25177E-8616-46C6-8EF0-5B96463FBBE8},Ward 3
66249,MedStar Health - Wash. Hospital Center,https://app.dcoz.dc.gov/Content/Search/ViewCaseReport.aspx?case_id=04-17A,"Official Digital Zoning Map of July 1, 2010","SP-1, SP-2",Final,04-17A,0,0,{30E8A975-C771-45B2-9308-277DFFAE47D3},Ward 5
66250,George Washington U. Residence Hall,https://app.dcoz.dc.gov/Content/Search/ViewCaseReport.aspx?case_id=03-29A,"Official Digital Zoning Map of July 1, 2010",None,Final,03-29A,0,0,{A0283B21-F55D-4F7B-909A-D945DF8E72B2},Ward 2
66251,Lafayette Centre,https://app.dcoz.dc.gov/Content/Search/ViewCaseReport.aspx?case_id=84-17,"Official Digital Zoning Map of July 1, 2010",None,Final,84-17,0,0,{C888FD7C-A727-4779-A451-07DCBE357545},Ward 2
66252,One Judiciary Square,https://app.dcoz.dc.gov/Content/Search/ViewCaseReport.aspx?case_id=97-11,"Official Digital Zoning Map of July 1, 2010",C-3-C,Final,97-11,0,0,{D18BC4E0-3E63-4452-BCC0-E737A2EF48D6},Ward 2
66253,Pollin Memorial Community Dev.,https://app.dcoz.dc.gov/Content/Search/ViewCaseReport.aspx?case_id=06-30,"Official Digital Zoning Map of July 1, 2010",R-5-A,Final,06-30,0,0,{7593DF03-B552-4C93-8B3D-332007139E04},Ward 7
66254,1333 New Hampshire Avenue,https://app.dcoz.dc.gov/Content/Search/ViewCaseReport.aspx?case_id=92-5,"Official Digital Zoning Map of July 1, 2010",C-3-B,Final,92-5,0,0,{C1A321E4-2154-4A35-88AE-9D4ED0301BCA},Ward 2
66255,Colony House,https://app.dcoz.dc.gov/Content/Search/ViewCaseReport.aspx?case_id=93-7,"Official Digital Zoning Map of July 1, 2010",None,Final,93-7,0,0,{21EC12AF-6189-4ECC-AB80-034628FBA100},Ward 4
66256,Arts Club of Washington,https://app.dcoz.dc.gov/Content/Search/ViewCaseReport.aspx?case_id=94-12,"Official Digital Zoning Map of July 1, 2010",C-3-C,Final,94-12,0,0,{3DE32A2D-D121-4598-AEB6-9A17B7367CEE},Ward 2
66257,Catholic University,https://app.dcoz.dc.gov/Content/Search/ViewCaseReport.aspx?case_id=96-9,"Official Digital Zoning Map of July 1, 2010",SP-1,Final,96-9,0,0,{B8432F6C-19BD-411F-B683-F654743EC6DF},Ward 5
66258,Challenger Court Corporation,https://app.dcoz.dc.gov/Content/Search/ViewCaseReport.aspx?case_id=98-10,"Official Digital Zoning Map of July 1, 2010",R-5-B,Final,98-10,0,0,{D8E2FAC9-4BD5-4C7C-8E22-C43346AA3776},Ward 6
66259,Millennium Partners,https://app.dcoz.dc.gov/Content/Search/ViewCaseReport.aspx?case_id=98-1,"Official Digital Zoning Map of July 1, 2010",CR,Final,98-1,0,0,{4A0C51C9-18F2-4C81-A12C-C1C86BCA1C9A},Ward 2
66260,Fort Totten Solid Waste Handling Fac.,https://app.dcoz.dc.gov/Content/Search/ViewCaseReport.aspx?case_id=03-28,"Official Digital Zoning Map of July 1, 2010",FT/M,Final,03-28,0,0,{94727D82-4F53-47B7-909E-C891095DB362},Ward 5
66263,John Akridge Dev. Co. - 5220 Wisc.,https://app.dcoz.dc.gov/Content/Search/ViewCaseReport.aspx?case_id=06-31B,"Official Digital Zoning Map of July 1, 2010",C-2-B,Final,06-31B,0,0,{1F5F77F5-17EE-480D-B9C4-9EA8F0213F10},Ward 3
66261,CSX Realty Development Corp. & FF Realty,https://app.dcoz.dc.gov/Content/Search/ViewCaseReport.aspx?case_id=05-23B,"Official Digital Zoning Map of July 1, 2010",C-3-C,Final,05-23B,0,0,{A79414AE-32B0-42BE-9E56-E11BB6E45EDD},Ward 5
66262,Douglas Development Corp. - 6th & L NW,https://app.dcoz.dc.gov/Content/Search/ViewCaseReport.aspx?case_id=06-21B,"Official Digital Zoning Map of July 1, 2010",DD/C-2-C,Final,06-21B,0,0,{66116B01-947F-4C15-8D84-731A531B90BD},Ward 6
66264,"Highland Park West, LLC, et al.",https://app.dcoz.dc.gov/Content/Search/ViewCaseReport.aspx?case_id=07-02C,Modification 7/11/11,C-3-A,Final,07-02C,0,0,{B6D15A4F-52E3-4AEF-8646-A00A759C3DCD},Ward 1
66265,Mid-City Urban LLC and A&R Dev. Corp.,https://app.dcoz.dc.gov/Content/Search/ViewCaseReport.aspx?case_id=04-24B,"Official Digital Zoning Map of July 1, 2010",C-2-B,Final,04-24B,0,0,{8AE0311A-385D-4C52-9D5A-A90E16EA2A0B},Ward 5
66266,Neighborhood Development Co.,https://app.dcoz.dc.gov/Content/Search/ViewCaseReport.aspx?case_id=05-19,"Official Digital Zoning Map of July 1, 2010",C-3-A,Final,05-19,0,0,{E55FC0BC-DF90-49C3-BCB8-3467B0AFB9B8},Ward 4
66267,Ft. Lincoln New Town & Premium Distr.,https://app.dcoz.dc.gov/Content/Search/ViewCaseReport.aspx?case_id=99-5,"Official Digital Zoning Map of July 1, 2010",C-M-1,Final,99-5,0,0,{35CFC3FF-430F-4AF0-93B4-2964CE1561B5},Ward 5
66268,Center for Strategic and Intl Studies,https://app.dcoz.dc.gov/Content/Search/ViewCaseReport.aspx?case_id=02-51C,"Official Digital Zoning Map of July 1, 2010",C-4,Final,02-51C,0,0,{94A49359-0264-4754-B5F5-D6401B10A02B},Ward 2
66269,Public Space Utilization Act App.,https://app.dcoz.dc.gov/Content/Search/ViewCaseReport.aspx?case_id=01-07A,"Official Digital Zoning Map of July 1, 2010",None,Final,01-07A,0,0,{F30A08F6-B8B5-41DD-AA1D-3BE8A505F0FE},Ward 2
66270,DOT Headquarters- SE Federal Center,https://app.dcoz.dc.gov/Content/Search/ViewCaseReport.aspx?case_id=03-05,"Official Digital Zoning Map of July 1, 2010",C-3-C,Final,03-05,0,0,{D7BBD35A-716A-4479-B119-A1697F154387},Ward 6
66271,Joseph Horning & Norris Dodson Realty,https://app.dcoz.dc.gov/Content/Search/ViewCaseReport.aspx?case_id=82-6,"Official Digital Zoning Map of July 1, 2010",R-5-A,Final,82-6,0,0,{26C1A5C2-B43C-4B06-BC96-F5A95D7710E4},Ward 5
66272,CESC 1229-1231 TRS & CESC 1227,https://app.dcoz.dc.gov/Content/Search/ViewCaseReport.aspx?case_id=06-35A,"Official Digital Zoning Map of July 1, 2010",None,Final,06-35A,0,0,{CC0EE490-D031-403D-851D-446D2CA023FD},Ward 2
66273,International Bank for Reconstr. & Dev.,https://app.dcoz.dc.gov/Content/Search/ViewCaseReport.aspx?case_id=89-17,"Official Digital Zoning Map of July 1, 2010",C-3-B,Final,89-17,0,0,{28BA6F40-5D88-4AC2-A262-08624E46A8DE},Ward 2
66274,United House of Prayer for All People,https://app.dcoz.dc.gov/Content/Search/ViewCaseReport.aspx?case_id=09-05A,"Official Digital Zoning Map of July 1, 2010",C-2-B,Final,09-05A,0,0,{7ABC79C5-D0EE-42F9-A44C-7DFC7DC9ED71},Ward 6
66275,Former Columbia Hospital for Women,https://app.dcoz.dc.gov/Content/Search/ViewCaseReport.aspx?case_id=03-11,"Official Digital Zoning Map of July 1, 2010",C-2-C,Final,03-11,0,0,{5044AA19-07CA-4779-A42A-F464B42A52C4},Ward 2
66276,Waterfront Associates,https://app.dcoz.dc.gov/Content/Search/ViewCaseReport.aspx?case_id=02-38A,"Official Digital Zoning Map of July 1, 2010",C-3-C,Final,02-38A,0,0,{AA02A03E-3859-4A91-8DC8-1B83419CCDA9},Ward 6
66277,New East Capitol Senior Building,https://app.dcoz.dc.gov/Content/Search/ViewCaseReport.aspx?case_id=02-04,"Official Digital Zoning Map of July 1, 2010",R-5-A,Final,02-04,0,0,{E1639FAD-DAF2-4B7C-B04B-4E04F5CD697A},Ward 7
66278,JBG (Solar Building),https://app.dcoz.dc.gov/Content/Search/ViewCaseReport.aspx?case_id=02-24A,"Official Digital Zoning Map of July 1, 2010",C-4,Final,02-24A,0,0,{87D8B856-3003-4EF7-B574-BB965E025F48},Ward 2
66279,Nehemiah Homes at Fort Dupont,https://app.dcoz.dc.gov/Content/Search/ViewCaseReport.aspx?case_id=01-12,"Official Digital Zoning Map of July 1, 2010",None,Final,01-12,0,0,{2BC53209-8C4F-4FAF-9A3A-D06FA03C1D00},Ward 7
66280,Adams Morgan Garage & Residences,https://app.dcoz.dc.gov/Content/Search/ViewCaseReport.aspx?case_id=97-1,"Official Digital Zoning Map of July 1, 2010",None,Final,97-1,0,0,{20861759-80E4-4A7E-B903-CABF9F7CBDFF},Ward 1
66281,Washington Hospital Center,https://app.dcoz.dc.gov/Content/Search/ViewCaseReport.aspx?case_id=94-21,"Official Digital Zoning Map of July 1, 2010",SP-1,Final,94-21,0,0,{FCB2EA23-C268-4F7F-8EA2-08DD6EF1E779},Ward 5
66282,BYU/Resources Center,https://app.dcoz.dc.gov/Content/Search/ViewCaseReport.aspx?case_id=93-15,"Official Digital Zoning Map of July 1, 2010","SP-1, R-5-E",Final,93-15,0,0,{E1E06D78-232D-4450-A4AD-91E6ACCEF22B},Ward 2
66283,Boston Properties II,https://app.dcoz.dc.gov/Content/Search/ViewCaseReport.aspx?case_id=87-18,"Official Digital Zoning Map of July 1, 2010",CR,Final,87-18,0,0,{BCAC7D3E-82C0-4834-8261-6302C293472C},Ward 2
66284,Boston Properties,https://app.dcoz.dc.gov/Content/Search/ViewCaseReport.aspx?case_id=86-1,"Split from 87-18, 02/01/2011",CR,Final,86-1,0,0,{90E3BE19-8452-43F0-BA91-FA740C3F2EBA},Ward 2
66285,Soapstone II,https://app.dcoz.dc.gov/Content/Search/ViewCaseReport.aspx?case_id=84-13,"Official Digital Zoning Map of July 1, 2010",C-3-A,Final,84-13,0,0,{61F05C23-FA2C-4581-B661-81E3F13756D9},Ward 3
66286,Ashmeade Associates,https://app.dcoz.dc.gov/Content/Search/ViewCaseReport.aspx?case_id=83-11,"Official Digital Zoning Map of July 1, 2010",None,Final,83-11,0,0,{521ECA88-E553-4AFD-A26F-0C58C2FB7B68},Ward 1
66287,Childrens Hospital National Med. Ctr,https://app.dcoz.dc.gov/Content/Search/ViewCaseReport.aspx?case_id=88-34B,DC Register 9/25/17,SP-2,Final,88-34B,0,0,{602AC8D5-0B72-4B61-BCDD-D1DA5E903041},Ward 5
66288,Georgetown University,https://app.dcoz.dc.gov/Content/Search/ViewCaseReport.aspx?case_id=78-17,"Official Digital Zoning Map of July 1, 2010",C-3-B,Final,78-17,0,0,{715D3F82-F8FE-4804-A3B1-B9A30670EFA9},Ward 2
66289,IMF Headquarters 2,https://app.dcoz.dc.gov/Content/Search/ViewCaseReport.aspx?case_id=01-13A,"Official Digital Zoning Map of July 1, 2010",C-4,Final,01-13A,0,0,{35731FE7-4C59-427C-A8D4-B127ED57E7B3},Ward 2
66290,G.W. Carver Senior Apartments,https://app.dcoz.dc.gov/Content/Search/ViewCaseReport.aspx?case_id=04-04A,"Official Digital Zoning Map of July 1, 2010",R-5-B,Final,04-04A,0,0,{5EF94B57-F347-43DD-943C-F6378099B8BE},Ward 7
66291,Boston Properties et al,https://app.dcoz.dc.gov/Content/Search/ViewCaseReport.aspx?case_id=06-27,"Official Digital Zoning Map of July 1, 2010",C-3-C,Final,06-27,0,0,{180C3B93-5109-42BA-8FBA-BD3F4FC843C7},Ward 2
66292,Republic of Italy,https://app.dcoz.dc.gov/Content/Search/ViewCaseReport.aspx?case_id=78-30,"Official Digital Zoning Map of July 1, 2010",R-5-C,Final,78-30,0,0,{E0184857-E2DB-4744-B26C-72FF7AC9A688},Ward 3
66293,Prudential Insurance Co. of America,https://app.dcoz.dc.gov/Content/Search/ViewCaseReport.aspx?case_id=79-19,"Official Digital Zoning Map of July 1, 2010",None,Final,79-19,0,0,{0513D617-AEF3-4C0C-96F6-B41242B0EBA3},Ward 3
66294,Republic of France,https://app.dcoz.dc.gov/Content/Search/ViewCaseReport.aspx?case_id=78-20,"Official Digital Zoning Map of July 1, 2010",R-5-C,Final,78-20,0,0,{2C146FEF-1DC7-4004-8025-98F9F4D01D3E},Ward 3
66295,CESC 2101 L St. LLC,https://app.dcoz.dc.gov/Content/Search/ViewCaseReport.aspx?case_id=70-16A,"Official Digital Zoning Map of July 1, 2010",C-3-B,Final,70-16A,0,0,{73E46F4C-0FB7-4458-A915-5A8483A787A2},Ward 2
66296,St. Martins Apartments,https://app.dcoz.dc.gov/Content/Search/ViewCaseReport.aspx?case_id=05-39,"Official Digital Zoning Map of July 1, 2010",R-5-B,Final,05-39,0,0,{64703CE2-F94E-47F2-9AC8-070DE38B775E},Ward 5
66297,H Street Community Development Corp,https://app.dcoz.dc.gov/Content/Search/ViewCaseReport.aspx?case_id=05-25A,"Official Digital Zoning Map of July 1, 2010",None,Final,05-25A,0,0,{D9199294-7AB5-435F-BFFD-7110B24ADBB2},Ward 5
66298,Eastgate Senior Residences,https://app.dcoz.dc.gov/Content/Search/ViewCaseReport.aspx?case_id=04-37,"Official Digital Zoning Map of July 1, 2010",R-5-B,Final,04-37,0,0,{4F1F8967-9817-428A-BAB4-2D56F5997F1B},Ward 7
66299,"Marriott International, Inc.",https://app.dcoz.dc.gov/Content/Search/ViewCaseReport.aspx?case_id=08-13,"Official Digital Zoning Map of July 1, 2010",DD/C-3-C,Final,08-13,0,0,{7B1885EE-775E-41EF-B47E-A76B507933FB},Ward 2
66300,American Institute of Architects,https://app.dcoz.dc.gov/Content/Search/ViewCaseReport.aspx?case_id=08-27A,"PUD Time Extension June 22, 2009",C-3-C,Final,08-27A,0,0,{81A5C132-D221-467A-9C36-E2A165BD0BFC},Ward 2
66301,Georgia & Lamont L.P.,https://app.dcoz.dc.gov/Content/Search/ViewCaseReport.aspx?case_id=08-26,"Official Digital Zoning Map of July 1, 2010",GA/C-2-B,Final,08-26,0,0,{A11762EB-57C9-4470-BA53-C639ABE48611},Ward 1
66302,Highlands Addition,https://app.dcoz.dc.gov/Content/Search/ViewCaseReport.aspx?case_id=06-45A,"Official Digital Zoning Map of July 1, 2010",R-5-B,Final,06-45A,0,0,{A9835295-EEAA-48B3-99CA-A1E277AA0868},Ward 8
66303,Steuart - H Street LLC,https://app.dcoz.dc.gov/Content/Search/ViewCaseReport.aspx?case_id=06-01B,"Official Digital Zoning Map of July 1, 2010",C-2-B,Final,06-01B,0,0,{5D74D14D-16B2-4F05-96D0-0DB883C5A9D1},Ward 6
66304,PerStar M St. Partners LLC,https://app.dcoz.dc.gov/Content/Search/ViewCaseReport.aspx?case_id=07-21C,Modification 11/28/2011,None,Final,07-21C,0,0,{41C6BF46-02D1-4701-939B-1E0713AD0A72},Ward 2
66305,Kelsey Gardens Property Company LLC,https://app.dcoz.dc.gov/Content/Search/ViewCaseReport.aspx?case_id=08-14C,Minor Modification 7/28/14,C-2-C,Final,08-14C,0,0,{38ACAD87-5E5C-411E-8A6C-501F022FE486},Ward 6
66306,American Pharmacists Association,https://app.dcoz.dc.gov/Content/Search/ViewCaseReport.aspx?case_id=04-01,"Official Digital Zoning Map of July 1, 2010",SP-2,Final,04-01,0,0,{672BAED6-9FFF-421F-9349-A30C46F511B4},Ward 2
66307,The Salvation Army,https://app.dcoz.dc.gov/Content/Search/ViewCaseReport.aspx?case_id=04-35,"Official Digital Zoning Map of July 1, 2010",None,Final,04-35,0,0,{C2771219-902A-4F14-90DF-314C03824BA1},Ward 8
